<module name="">
    <enum name="AudioType">
        <var name="UNKNOWN" value="0"/>
        <var name="ACC" value="1"/>
        <var name="AIFF" value="2"/>
        <mapper target="client" codeTarget="cs-bin,cs-simple-json">
            <option name="type" value="UnityEngine.AudioType"/>
        </mapper>
        <mapper target="server" codeTarget="cs-bin,cs-dotnet-json">
            <option name="type" value="CustomAudioType"/>
        </mapper>
    </enum>

    <bean name="vec2" valueType="1" sep=",">
        <var name="x" type="float"/>
        <var name="y" type="float"/>
        <mapper target="client" codeTarget="cs-bin,cs-simple-json,cs-newtonsoft-json">
            <option name="type" value="UnityEngine.Vector2"/>
            <option name="constructor" value="ExternalTypeUtil.NewVector2"/>
        </mapper>
        <mapper target="server" codeTarget="cs-bin,cs-dotnet-json,cs-newtonsoft-json">
            <option name="type" value="System.Numerics.Vector2"/>
            <option name="constructor" value="ExternalTypeUtil.NewVector2"/>
        </mapper>
    </bean>
    <bean name="vec3" valueType="1" sep=",">
        <var name="x" type="float"/>
        <var name="y" type="float"/>
        <var name="z" type="float"/>
        <mapper target="client" codeTarget="cs-bin,cs-simple-json,cs-newtonsoft-json">
            <option name="type" value="UnityEngine.Vector3"/>
            <option name="constructor" value="ExternalTypeUtil.NewVector3"/>
        </mapper>
        <mapper target="server,all" codeTarget="cs-bin,cs-dotnet-json,cs-newtonsoft-json">
            <option name="type" value="System.Numerics.Vector3"/>
            <option name="constructor" value="ExternalTypeUtil.NewVector3"/>
        </mapper>
    </bean>
    <bean name="vec4" valueType="1" sep=",">
        <var name="x" type="float"/>
        <var name="y" type="float"/>
        <var name="z" type="float"/>
        <var name="w" type="float"/>
        <mapper target="client" codeTarget="cs-bin,cs-simple-json,cs-newtonsoft-json">
            <option name="type" value="UnityEngine.Vector4"/>
            <option name="constructor" value="ExternalTypeUtil.NewVector4"/>
        </mapper>
        <mapper target="server" codeTarget="cs-bin,cs-dotnet-json,cs-newtonsoft-json">
            <option name="type" value="System.Numerics.Vector4"/>
            <option name="constructor" value="ExternalTypeUtil.NewVector4"/>
        </mapper>
    </bean>
</module>